State,RNAs
YES,CAGGCUCAGUCACAGGCUCAGUCACAGGCUCAGUUACAGGCUCAGUUACAG
YES,UUCCGUUUGGCAGACUAUGUGUUCGACGAGGGCGCCAGCAACCAGGAGGUG
YES,AAAGGUUUCCUUGGUCACGUUCGCCACUUACGUGCUAACCAGCGAGGCGAA
YES,UACUACUGUGUGGCGGGUUUGGGGGAAUCUGAUCCUGAUCACGCCACCAUG
YES,AGCAGCAACAGCAGCAACAGCAGCAACAGCAGCAGCAACAGCAGCAGCAAC
YES,CAAGAUGCAGGCCGCAUUGAUGCUAAGAUCGAAAUCUCGGGUGGCGAGAAG
YES,AUCGAAAUCUCGGGUGGCGAGAAGAAGAAAGCUACGAAAAUUAGGUGGAAG
YES,CAGCGGAAUGUGUUAUGAAAAUUUUAGCAUAUGGUUUUGUGUUACAUAAUG
YES,UAUUAGAUUUUACAAUUGUAGUUAUAGGGUAAGCAUAUUAAAUAUACCAGU
YES,UAGUUGCCGUGGCACAGGCGCAGGCACACGCACACGCACAUGCUGCCCAGG
YES,CUUCAGACGAAAGUACCUCAAUGCAAGACAGACAAUAUCGCAGAUUUGGUG
YES,GUCCAGUCGAAAGCGUGUCACAUUAAUUUUGCUGAGCGAAGAGUCCCCUGC
YES,GGCCUGCCGAUGGACGUGCGCGUCAAGGAGGAUGUUGAAAAGCGUCGCGUC
YES,CUGCACAUCAUCCGACUGGCGGGGGAUGUUCAGCAAAAGGACGCUGCUCAU
YES,GAAUGGCGUUUCACGGCAUAAAAACAAACUUGCCCAGUUCUUAUUCGAAAA
YES,CCAGGAUACUUAUUCUACGCCACAAACCAUCUGGACGGCAAAGCCCAUGGG
YES,CCCGUCACUCUGGCCGCAGUCUACUACCCACCUCGUUUUGUAGUUUCUGAG
YES,CAAGCUCGAUCAUGUGACUCCGGGUAGGCCUACAUACUGGCCAGCAGAUCC
YES,UAAUAUUACGGCCGAGUCACUUGCAAAACUAUCAUCUGAUCACUCUCCAGU
YES,GAAAUCGAACAGCUAGUACUUGAAAAACGAAGACUAAGAAGAGAAUGGCAG
YES,AAAUACCAUUCCAACCGCAGCCUCAACAGAUUCCUGGUCAGCAGCCUCAAC
YES,GCUUUUGGGGCAAAUACAAAAAAAAAAAACAAAAAAAAAUGAAAGGAAAAC
YES,CCAAGCCCAAGUCACAGCCAGUCGAAGUUGAGGUGAGAAAAGUUGAACUUG
YES,GUAGAGAUGCACUGCGACGCCUUGGAGGCGGAGGGCACGGAGCGACCCACC
YES,GCUCCGGCAGCGCCACGUAAUGUCAAGGCUGCAACACAACCGCCCGACUCA
YES,UCGGUUUGUGCCGUAAAAAUUUGCAAUAAACGUAAACGACGAAAACAGGAA
YES,GUUGAGCAGGAGCCAAAUCUGAUGUACAUGGAUGUCAAGGUGGAAGCGAUU
YES,GCCUCCACGCAGUACCUAUCCCGUUAUGUCAUGUGGCUGGAGCCGCGGGAU
YES,CGAACCGGCUGCGCCCAGCUAGUCCAGGAGCCACUACGUUCAUUGUUAUCC
YES,UUGUGGCUGCAACCCAUCGAAUCGCAGAUGGCGAAGGUCCUUUUGGAUGAG
YES,AAAGUAAUGAAAAUUCCGUGAUUGAAGUUGUUGAAUUGUCCAAAUCUGAAG
YES,UACCGAAACCAUUAGUGAACUUCCUAUUUCCGAAGAACCCAAGAAGGUAGU
YES,UUACAACAGUUACCACCACAACAACAACUACCGAAACCAUUAGUGAACUUC
YES,GCCACUGAAGGAAGAAACUGUUGUGAAAGAAGUAGUCGAGGAAAAGCCAAU
YES,ACGACGAAGAGGAACCAGUUCCUGAACCACUGAAGGAAGAAACUGUUGUGG
YES,UAAACCGAACGACAAGGAUCCUGGUAGCGGUAGUAGUGGUAAUGUGACCCC
YES,CAAGUCUGGUUCAGAUGAUGGGAAUACGUCAGGCCAGUCCGCGUACCAAAG
YES,UUGCCCUGAAGUUUUGGGUGCGCAAAAAGCCGAUGCGCAUCUCCAGCAGCA
YES,UACAAUCUGACAGCUACUAUAGUGGAUGUCCUGUCGGCUCAACGGUCGCGC
YES,CGGUAGCAAUCAAUCUCUGGGAGUUAAAACUCUGUCAAGCGAGAGUCUCAA
YES,ACAGGCAGUGCUCUCCAUUGGCUGGACAACUAACUGGGGAGCCGACUUCCG
YES,CUCGCCGUCUGCGUGAUCGUGUGGAAGGUGAAGCAGGCAGCGGAUCUGAGA
YES,ACUGUCUCUCUUCGAAUUCCCGUACAGUGCGUUUCGGAGCUGUAAAACCCA
YES,UUGAAAUCACUUGCAGCUACAAAACACAUUGUACGCGAAAUCAGAGCCAAA
YES,AUUCCUCAACCUCCGAUUCUACAACAGAUUCGUCGACUGCUUCCUCCACCA
YES,GCAGCAGCUCUUUGGGUUCUUCCACAUCAGAUUCAUCAACCUCCGAUUCUA
YES,ACCAGCCGUCGCUUACUUUUUCGUUAUUCUGUUAUUGCUGGCCUUUGUUUA
YES,AUGUGCUUGCUCUGGUAUUGAGCGCACAAAACAUACUGAUACCAGACCACA
YES,AUUUCGUGGAACAUUUUCGCAGGAUAUGAUCUCAAGUUCCUGCUGCCAGCG
YES,CAAGGAAACUAAGCACGAGUAUAGUAUUGCUUCAUUAGAAUUGCCCAAGAA
YES,AUGCGUUUCGCGUUUUUGAUAAGGAAAACAAUGGGUACAUCUCCACUACCG
YES,GAGUCUACGGGCUGGCCUUCGGUUGAGUCUGCUCGGUGUUCGUCAAUCAGC
YES,CUAUAACCGUGAACGUCGUGUGUGUAUAUAGAGUGUGUGUGCUUGAUAGCU
YES,CUUGGACUUGGUGAAGUGUGAGAAAAGGGCAAGGGCGAUGAAGGGCAGCUC
YES,AACGAACGUUCCACAAGAUACGAUAAUUUCACCUAGCAAACAAGCAAUAUC
YES,AAAAAUUGGAAGACGACGAGCUGGAAGAGAUGAUACGCGAGUACGAUUUAG
YES,GUUUGGAGCUCGGUUAAAUUGAGAAAGUUAUCGGGAACGGGCAACAACGAG
YES,CUGCGAAGAGCACACGGCUGUGUAUACUUGCACCUCGUACAGUGUGUGUAU
YES,AGUGUGUGUAUAUGCCAUAUGCUAUAUGGUGUUUGCUGUAAUGCCAAGUUU
YES,UUUCGCAUUUAGAGAGAUCCUGGGCAGCAGAAAAUUGCGAUUAGCAUCCUG
YES,AAGCAUUUUCAUUGCUUUGAUUUGAACGACCCCUCCAUGGCGUUUUGUGUA
YES,UAAUAUUCUCCUUCCCAUAAUAUAAAGCAUAAUGGAUGAAUUGUCUGUUGA
YES,CCGGCUUCUAAAGAGACCCCGUGUCAAGAAGGAUCACUCUACCCAAGGCCA
YES,ACGGCGGCGGAGGCGGCUGGUCCGGAGUUUGAUGGGCCUUGAUUGCUGGAU
YES,UUCGACCAACAGAAUUGCAUUGAAUAUUUACAAGCAUUUUCAUUGCUUUGA
YES,CCCCCUAAAGCCGCCAAGCCGGUCAAGCCCACACUUUCAAACAAUUUUCAG
YES,GGAGUGGCAGUUCUGCGCCGUUCGUAGGCGUAAAAGUGGGCGCGGCAAUGU
YES,CGAUUUUUUGGCACACGAUUUUUUCACCGUGGCUCUAGAGGUGGCUCCAGG
YES,ACGCAUAAAGUGAUAGCAGACAACUAUAUGUGUGCACACGUAUGCUCAUGC
YES,GUAUCAAUCGUAAACAUAUAAAUUUAUUAAGAAUCUGCGUUACAACAGUUC
YES,AUACAUAAGCCGAUCGCGGAGCGUGAGAAUGCUGAGCAUGCACUUAGCAGC
YES,UUACUAGUAGAGGGAUUAGUAUACGAGAAUCGUUGAAAAGUAUUUAACAGG
YES,CGUGCCAUGCUCAAAAAACGUCGUUAUCAAAAAUGGGACAAAGACGAACAG
YES,UGACUUAAUCCCAAAAAAGCAGUACAGAUUCCGCAUUCGUGCUGUCAACGC
YES,AAACCGGAAUCGGAUGGCGGUGCUCACAUUCAAGGCUAUUGGAUCGAUAAG
YES,GUUCUGAGUUUUUACUUUAAACAUUAGGUCGUCGAGUCAGACUCUGUCGAA
YES,UAGCUGUUGACGUCGCUCCAAGGGUAGCAUGCGCCGCUAUUGCUGCAUGGC
YES,CCAUUGCAGGAAUCGUACUGGCUGGAGCAGUAUUCGUGGGCAUUGUUCAAG
YES,AGCGUGCGAGCCGAAACCUAUUGCAAUCUAUUCUCGUUGAGCGUGGAUCAU
YES,CAUUGCAAGCUCAAUUUCUGGGUCGACGCCGGCCAGUUCGAUUACAUCGAC
YES,AUGAGGGUGAUCAAGAGGAGGAUGAAGACGAUGAAGUGGUAGAAUGUAUGA
YES,AAGCGGUCCAGUCACAACUGGCGGAACUUUGGCCUACAACAAGUGAGUUCU
YES,AUAUGAUUGGGAUGAACCCACGACCAGUUACUCCAAGAACUACACACCCAC
YES,GCGCCGAGCUGGUAGAGAUCUUGAAAGCCUAUCCCCCAGAACCAGUUUAUG
YES,CCAGAUAUCCUGGAACAGCGGCAGGAACGUGUGGUGGAGACGCCCUACGGA
YES,UCAAGGGGAAGAAGGGAUCGGCGGGAAAGGGUAAUGCAAAGAAUGCAAAAC
YES,AUCUAGGCUAACAAAAAAAAAACAAACACACACACACACACACACAAAGAU
YES,CGUCCGCCUCGCUGGCCUCCAUGCCAGGUCUCAGUGCCUACCUGGGCAUGC
YES,AACUUUUUGCACUGCUGCUACUGCUACUGCUGCUGCUCUCGACAUACGUGA
YES,CUAUCGGGAUCGGAAUCGGGAUCGGAAUCGGAAUCGGAAUCGGCAUCGGCA
YES,CAAAGAUUCCUGAGACGGAUCAUUUAAUAAAUGAAGAAGAUUUGAUCGGUA
YES,AUCACAAGUAACGGUUCGCGCUCACAAAAAAAAAAAAGAAAUCAAAUGCUG
YES,UACGCGCCCAGAGCGACGACCGUCUAAUGGAGCAGGUCGAGGCUGAUGCAG
YES,GCUGGGCAGCGGCGACGCAUGGAGCAUCCACAAUCGACGCUAGACAAAGCC
YES,CUGCAUUUACGCGACUGACCGAAAAACCAUGGCAUUGUUUGGUUUCCUACG
YES,ACUGUCGGUGGGAGACGUAACUCGCAGGGAGCUUACAAUGAUCCCAUGACU
YES,GACGGCUGUCUUAACGGUUGUCGAUACUCCGGCCUUUGAGUGGUUUGUGUU
YES,GUUGGUGCUGAUCUUUGCGUCAAGUAUCACGCUCUGCUUCGAGGACAUUAA
YES,AUCGAUCAUUUCUAUUCCAGGUGGCAAGGAAUGCGGAUUGUAGUAAACGCU
YES,AUAGUAUGAAGGAGGAGUGUUGGAAAUGUUUCUCACCGAAUCUCAAAAACA
YES,UACCCAUUUCUAAGGGUAAUAAAAUACACUGUCUCGACAUUUUGCACGCGC
YES,GCUAGGUCAUGUCGAGGAGACCGAUAACUUCAAACAGUUGCAGGAACAAAU
YES,UGUGGACGGUGUCACUGGCGUUGUAACCAAACCAGUGACUGGGGCUCGCGA
YES,AGCAAAUAGGAUGGGCAUCGGCGGGAAUAGAAAUUACGAAAUUACAACAAU
YES,GUGCACAUCAGAAGGCAUCGUCGGGAUUUCCCCUAUUCCUGCGAGCAAUGC
YES,CGUUGCCGAAAUGGUGCUGUUGCACAUUUCCGCCUCCAAAGGUAUACCUUC
YES,GUGGAGCACUUCCACGAACCAUCAAAGGAGAUCGGUUUCAACCUGGCUGUG
YES,CGAGCUGGAGGCCGGUCGCUUGGCCAAGGAACUGGAGAAGGCGCAAAUGCA
YES,UUGCAAAAACCAAAAUGCAGCCAACACAUCCCAUCCGUUUGGGUCUGGCCC
YES,GUGUGCAUGAUGGAAAGUUCAGGCAAUGGACAUAUGUGCUUUUGUGAGGAA
YES,GAGAGAUAUGCCUUCGCUCUCUCGCAGCUGCGCCACGCCCACCACCCACAG
YES,ACACCACUGUCUGACUAUAUUUUUCAUCAUGUACGCCAUCGCAAUCCAUGC
YES,UUCAAUGUUGGGACAGAGGCUAGAUAUCGCAAAGCAUGUUGUCAAUACGAU
YES,AUUAGGUACAAAUGACUUUGUGAACAUCUUCACCUUUGAUAAGGAAGUGAG
YES,ACUGAAAGAAGGGAUUGAACUGUUUAGACCCAAAUCGAUCGCCAAUUAUAC
YES,GCAUUCGGCCCACUUUCACAUAGUAAUCUGCCCGAGAGUUGCUGGGACACG
YES,AUAUGCAACAAAUAGGUGAAGUUAUAAAAGUGUUUAAACUAAAAUAUUCCA
YES,UUAAAGUAAAAUAUUCCACCCAAGCAAUUAGAAAUCGUAGGAUCAUCGAAG
YES,ACAUAUACAUUUAAGGGCUGGCUAUAAUAUACGGAAAUUUGUUUUUUUUUU
YES,CGGCUUCGUUGAUAAUCACAACGCCAUCAUCUACGGGGUUUAUUUCUCGCA
YES,AAUGCCUAAUAAGUUUCCGUCCAUUAUAAUCAGACCUUAAAUCUAUGUGCA
YES,GAGUAACUGAGUGCACGGUUUUGUUAUAUUCUAUCGUCGCCCUCAAGAUUA
YES,GAUGUGUUUCCUGCGAAGUCCCUAUAGAUUUGAAAACAUUAGUUAUGGCGC
YES,ACGGCCACAUUGAAGGCCUGGCUAAAUGAGCACAAGAAGAAUCCGUAUCCC
YES,UCGCAACAAUCGCGGGGACUCGGCUAGUUCAAUGGAGCGCGGUAACGAUCG
YES,UCCCCCAGCCCAUCUAGGGGUUAACAGUUUGGACAUUGUUGCUUGCUGGUG
YES,GCUAUUGGAGAGGUAUCCCUGUCCCAGGGCAGCCACUUUCACUCUGACCCA
YES,GCAGCAGCGCCAGAAAUAUGGCUGGAAGGAUCGCAACGAGAUAUAGUACAG
YES,AAAGCAAACGCACACGCACGCACGCACGCGCACACACACGCAAAGAAAAUA
YES,AGGCCAAGAAGCAUCGCAGCCGAAGAAGAACUAGGAGCAGCAGAAGUUCAA
YES,CGAUGGUGAUUCCCACCAAGGCGAAACUCUGCAUCUCCAGAUACAUGGUAU
YES,UAUUUAAGCCCAGUAAACAACUAGUAAGCCACUGAAAAGAUCGCACAAGAG
YES,CCAAAUGUGCUACAUGUUCCUCUUCAUCCUCGUCGUGUUCUUAAUCCUCUG
YES,UUGCCCCCUUUAAGUGCUAAUUUGCAAGCAAAACGUGCGUAUGAAUAUUAU
YES,CCGCAGCUAUAGGCGUGGCUGGUCCAGCAGUCGUGGUAGCCGUCGACGAGG
YES,ACAAGUCUUAAACUUAGAUGCAAUUAGUGCCGAGGCGGACAUAAAUCCUCG
YES,GUCCGCCCACAAAUGAAAUGGAGGAAGAGCAGGGCCUGAAAUACGGGGCCC
YES,UCAGUCGUGUAAGUGUUUGCAUUUUACAGCCCUUGGGAGCUUUGGCGCUCC
YES,AUGGAACAAAAACGCCAAUUAUCUGAGCAACACCGAGUCGAUUGCCUCAAA
YES,UCUUUUCGUUCGCAUUUAAUCAGCUACAGGACUUCGCAGACCAAGUGAUCU
YES,CCACAAUAUCUAUCGAUAUGACAGAAAAACUAUGAAAUUUCGCGUUGGCAA
YES,GAGGUGGAGAACUACCAUGCCCUGUAUCCACUGGAACCGCCGGCGCAGCCG
YES,UUGCGCUGGCAGCGCCGCCUUAACAAGUUCUCCAAGCUCUCAUUGCCAACC
YES,GAAUAUGACACAAAAAGUUGGAGUAAGAUUUGGUUUGGCGUUCGUACAGCU
YES,UCCCCUGAGAUGCACAUUUUGAGUUACUAUCCUUUAGGAAAUGCUGGAAAG
YES,GAAAUGCUGGAAAGCUGGCUAUGUAAUUCUUGUUAGGGAAUGUAAUGUAAU
YES,AAUUCUUGUUAGGGAAUGUAAUGUAAUGCAUUUUUCUGGGCUUUUUAAGCA
YES,CCCAGGUUCUGAGCGAAGUGGCUGGAAAGAUUGUGCCCGCACUUAUUUUGC
YES,CAGCAGGUGUGACACCAACCGGUGAAUCAUCUUCAAUAUUAUCCGUAUAAA
YES,GAUUGCAUCCACUCGAGAUAAUACUAAUGAUGAUUCGUGGGCUUGGAACCC
YES,ACACAUAUUUGGAGCAUGUGCAUAUAGUAUGGCUUAGAUUGGAGACCAGAA
YES,GAUUACCGUCGCACGUCCUCGUCGAAUGAUCGCAGCGAUCGACCCUCGUCC
YES,ACAUUUACGUAACUAAUUGCGGGCAAGUGCUAAGAAUAUUACAUGUUUGCA
YES,GUGAAUGGAUGUGGUUGUUUUUUGAAGAAUGCUUGGCUUCGGUUUGCUUUC
YES,ACUGGUACAGGAGCGGCUGGAAUGGAAGUCUCUGGUUCUUUGGCGUCGUCC
YES,UAUAGUGGCACCACCCCAGGUACCUAUUAAUACGACCAACAUUAUUCGGCU
YES,ACCACCAGCGAUGUGCCCGCAGAGGAGAUGCGUCCGACGGUGGCCCAGAAU
YES,AGGAUCCACCCAUCGCCUGGAGACUAUCUUUCCACGCGAUACACACUUGCC
YES,ACCUUCGUGGGUGGCCCUUGCUCCCAGGGCCCCGGCCAGGUGGUCGACGAC
YES,AGAUAAUUCGUCAGCAUUAAUCGGUACAUAUUGCGGGCAGCAAAGAAACUU
YES,AGAGUUCAGAGCGGUGCGGUUCAACAGCCUCCGGGUGUUCGUGUCAAGCUC
YES,ACAUCCGCUCGCGGAAACGACGCCGAGGCCUUCGACGAGGCCCGUCGCGAG
YES,CAACACAAGCCGGCUCCGACCCUGCAGCAGCGUUUGGUCACCUCCACCACC
YES,GGUGCAAUGGGCUUCCACUGGCGGGAUCAACGUGGAAUGAUAUGCAACCAA
YES,AAUAGAGGGUAUUUAUAGUAAAGGAAAGAGAUUUAAUUCAAAAGCACUCAG
YES,GACGUGGAUCGUGAGGUGUGGCUGGAGCAGAAGUGCACAUGCCCAAUGUGC
YES,CGGCGACCUACGCGCCGGCUCACUCACCUUCACCGGCAGUCGGGAUGCCAA
YES,AAGCGCCACCGACACACUGCCCCGCAGCUCCACGCUGCCCACGCUGCACGA
YES,CCACAACCACUCUAGCGCCAGUCCAAGUCCCUUCACCACCACCAACGGCAA
YES,GGCUUACCUGGGCAAGGAUUUAAUUAACAAGACGAUCACAGAUCGGCCUGA
YES,UGUGUCCUGGAGAUGGAGCAAACAGAAAAGCGGCGCACACUGAGUAACGUU
YES,GGUUACAGCUUCCCGAGGAGCUUAAAAAGCCCAUUGAUCCCGAGGAAGAGG
YES,AGAGAAAGCCGCCCACACUGUCGAUAGAGAACAAAUUUUGUUCGCAGCGUG
YES,AUGCCCAAGAGCUUCUGGAACUAAUAGGCUCGCUAGAGGCGAAACCCGGCG
YES,AGUUUUCAAUACCCCAGGGACCUCGAUGUGUAUGUGCCUUUGGCGCCGAUC
YES,AUUUUAUUGUUUAAAUGCGUUUGUUAUUUGCUGUACAAAUUGAAGCUUCAC
YES,AAGAAAUACAUGAAGAAGGUCUUAUAGACGUCAACGCCAGUAGUAGUGGGC
YES,UUCCAAUGUUAAUUUCCUGAAGAGAAGGUAAAGACCUUAAAAAAGGAAGUG
YES,AGCAGCGCUGUGCAAGUGAUUCCGAAGUUGCAUCGAGGGUCAAACUCCCGC
YES,GGACUUUUACAACCACUUCGUACUCACCUGCAACUUCGCCACAUCGAACAU
YES,GCAUCCGUUUCCAAAUGGCAGGUGGAGAUUAUCAAAGCUUCGCAACUGUUG
YES,ACGGAAACCAACUCAACAUAAAUGAAUAUUUGUGCCUUAUUAGGUUUAUGA
YES,GCGGAGGAGGAGAAAGAAGGCAGUGAGCGACCCUUUGUGCCGCCGCUGAGC
YES,UGCUUGGCCUGUCCGGGAUUAGGAUAUAUCUCAGCUGCCGGUGGUGGGUCA
YES,UAACUAUAUAUGAGCCAUGUCUGUAAACGUUUAUGAAUCGAUUAGUAUUUA
YES,AGAUAUAAAGAGAAGUAAAAGAGAAAAAAAAAAACAGAAAAAAAAAUGAAA
YES,AUUAAAUGCGCUGCUCUGCUCUUUUAUGUGUGUGGGGGGAUGCGGCUCGGU
YES,UUCAUACUUAUAUCUCAUCACCCAUACGCACAUGUGUGUACGGAAUGUGCC
YES,GCAGUUGAGUAUCGCCGGCCAGGGAAGGGUCGAGUGCGGAUCCCUUGCCCC
YES,UUAGAACCCAUCCCAGUUGUUAUAUAUCCGUUCACCGGUGGAGCCGAGCAC
YES,AGUCUUGGCCCUCAAACAGUGCGUCAAUCUCGAUGGUGGCCUCCGUGCUGG
YES,AGUGUAAAUAACAUUAGAUCAGGUUACGCGGCAGAAGUUAACAUGGCGUUU
YES,AUGCCAAAAGUGGAGUAACAACAUUACUCAACAGAUCGAUCUCGCAUUCAA
YES,CACUGUCACGCACACAUUCAAACGAAGUGAGAGUGAGUUAGAGGGGUGCGG
YES,UCAUUUCCAUUUGGGUGUUCUGUAAACCAGAGACUAAACUAUCUGUCUAGG
YES,AUGACCCGGCGCCAGAACGAGCCGAAUCGGAUGACGAGAUGCGAUUGAUUG
YES,UUACCCGGAAGACACAGUCCCACAAAGGAAAGCUGGGGGGAGUUUCGGGCU
YES,GUGCUGGAUGCCCCUGAAUAUACCAACCAACUCGGCGGCCCAGCUCCUGAU
YES,GAACGAGUGCCCAGCCAACAACUUUAAAGCCAACUGAGGGAACUACGGCAA
YES,UAUGUGUUCAUCUAAAUCGCAAAGUAUUUAACGAGCAUCCGGCAUUUCGUC
YES,CUCAGACAUCGACUGAUUUUUCGCAAGGUGGCCGAUGUGAAGCGCGAAAAA
YES,UUUUGUCUGAGGAAAGUUCAAAGUUAACCAAACAAAAUAUAACCGAAGAAA
YES,AACCAUUGUUCCUAGUGCAUUUCGAAAAAAAAAAAACGAAAUCUUGUGGAG
YES,ACCUUGUGGGGAUGCACGGAUAUUUAGUCCUCACGAAAACGACACUGGUGU
YES,UUCGUGAGGGUAGUAAAGCUGAUCCACGUAUAGUUCAGGCGUUAAGUUUAG
YES,UUCUUGAAAAUAUUCGCUUUAGAUAAGAAAAUUGACUUGUGACAAAUAUUU
YES,ACCAAUGAACAUGAAUGGCGGCCGGAUAAUGAAGCCCAAUCCCAAGCUAAU
YES,CACGUCGUCGCGUCGCCAAAGACACAGUAUUGCCGGCCAGAUGUCCUAUAU
YES,UGUUUGGUUCCAACAUAUUGCUCAAAGACAGAUUGGCAGUUCUUGUUUUUA
YES,CAAUAAUACGCCCGGGAAUCAGCUUAUUGCGCCUGUUGGUAAGUUUGGAUU
YES,UGUGCAUUUUGAGUUCUGUCCCGAAAUAGAGAGGAGAAGAACUACAAAAAU
YES,UUGCAACAGGAGAAACUCUUGCAACAGGAGAAACAAUUGCAACAGGAGAAA
YES,GGGGCGGGGCCAAUCCAGGGGCAGGAGGCGGUGGCGGCGGACAGAUGGGCG
YES,UAAUUGUUUUUUUUUUUUUCUGGUGAGGUGAAGUGCAGGUGCAGAUUCUGG
YES,GCACGCCUUGUGGCAGUCAUUUGGGAUUUCUUCUUGGUCAUUCUGUUCCAA
YES,GCCGUGCUUGUACUUCUUAACCUUGAGCACCUCCAACGCCUGGUAUUCCGG
YES,CAGUCGUGCGCGAGCAGGAAGGCGCACGGAUAUAGCGUCCGCGCCUUGGCG
YES,AAUCACCGCAUGCAGCUUUUCAUCAACCCCCGAGCCAUUUUCUUCAUUAGC
YES,AGCCCGAAACUCCCCCCAGCUUUCCAUUGUGGGACUGUGUCUUCCGGGUAA
YES,UAGUUGUUGCUGCCGUAGUAGUUGCAGCAGUAGUUGUUGCUGCCGUAGUAG
YES,AGCUGGGCCGCCGAGUUGGUUGGUAAAUUCAGGGGCAUCCAGCACAAGAAC
YES,GCUUGGCACUCGUUCCCUCAGUUGGAUUCAAAGUUGUAGGCUUCGCCGUAG
YES,UUGUUGUUGCCGCUGCCGCUGCUGCAGCUGCGGCUGUUGUCUCUGGAUUUU
YES,GACGAAAUGCCGGAUGCUCGUUAAAAACUUUGCGAUUUAGAUGAACACAUA
YES,UGCUUAGGAGGCGCCGGUGCUUUCCAGCUCUUCGAGCGUCGCUUCUUGAGC
YES,UGUAUGUUAACAAAAAUUACUAACCAUAUAAACAUUACGUCCAUCGGGACU
YES,AGGAAUGGACAAUACAAAUAAGCGUAAACUUAAUCCUGUAACUUAAUCGUU
YES,UUUCUUCGGUUAUAUUUUGUUUGGUAAACUUUGAACUUUCCUCAGACAAAA
YES,UAUUUAAGAAUGGAUAAAAUGCAGCAAUGCUGGAAGUACUAGUAAAAUUUA
YES,CACCACCUAAACUUAACGCCUGCACAAUACGUGGAUCAGCUUUACUGCCCU
YES,AGAAGCGACGACGAUGAGGAGGAGGAGGACACCAGACGGCCCAUAGGUGGC
YES,AAUCCAAACUUACCAACAGGCGCAAAAAGCUGAUUCCCGGGCGUAUUAUUG
YES,CCGUUUUACUAGUCUUGUAUGUUUGAAAAUGAGCCAAGUUUCACGCAGAAC
YES,AUUCGACUCCAUAUAUCGUUAAUUGAAUAUCGAUCAAUAACGGUGUUAUUC
YES,AUUUUUGUAGUUCUUCUCCUCUCUAAUUCGGGACAGAACUCAAAAUGCACA
YES,CCUAUUUUGCAAUCCGCUUUGUUUUACUUUAGGUAUUUGUUUCGUAUUUAG
YES,AUAUAGCUAUAGAAUCCAUAUAGACAACACCAGCCCAUUGCCCAUGCAAGU
YES,UUUCUCCUGUUGCAAUUGUUUCUCCAGUUGCAAGAGUUUCUCCUGUUGCAA
YES,UGUGCGUAUGCGGUGUGACCGUGUGAGUGCGCGAAAAAGAAAGAGACAGAC
YES,AAAGAACGAACUCCUUCGUCAGUGCAUGCGAUGGGCCUGCGGUGAAGCGCU
YES,UGCCGCAGUCGGUGUGGAUUGGUGUAACGAUUUUGGAUUCCGGUUGCCCAA
YES,GCCAACGGAGUGGCCAACUCGAAACAGGGUGCAGCCGCUCCACUGCCAACU
YES,UUGGAACAGAAUGACCAAGAAGAAAACCCAAAUGACUGCCACAAGGCGUGC
YES,CGAAUUAUUAAUGACACCAUUAAAAAGUUCCACUCCUCUUUUCAUUUCUUC
YES,UAGAAAAGUAUAAAAAUAUGUUUUAAUAGUGUGGGUGUGGUAGUUUUGGGC
YES,UCUGGAAUCUGCUUGCCUAAUCUCAACUUUCUAUAUUUUAUUCUUCCUGAG
YES,UAGUGGGAUUCUUCGAUUAUUAGAUAGUUACUGGAAGGCGAACGAGAAAUU
YES,GAUCUCAGUAACUAUAAAUGCUAGAAGGAUCAGACUUUAGAUAUAUAUGAC
YES,CACGGCGAAAAAAUCGUAUGGCGUUACGCAUCUUGUUAUUCUAGGGUCUUU
YES,UUUUAUACCCUUUACUCAUAGAGUAAAAUGAGUAACAGCCAAAGGAAGCGU
YES,UCCGCACAGAGGUGGUGGGAGUAGUAGGAGAAUGCUUAAUGCCAUGUAGGA
YES,GUGGAUUCGGUGAUCAGCAGCAGCAACAGCAACAAGGCUGGUAAAAACCAA
YES,CUUGACUUUGUUCAACACGUCUCAUAGCUGCCAGCUAGGACACCAAGUGUC
YES,AUCGCAGUGGGUACAUUAUUUUGACACUGUCUUCUGAUUUGAAUAUCGAAU
YES,CUCUGGUUCGAAGCCUCUCUGUCGGAGAGCUCUGAGGAUAAUGAGAGUAAU
YES,AAAAAACCAGUUGAGCUGACCUUCGAAUUGAAGGCCUUUGACGAGAAACGG
YES,UCACCAAGGAUGGCGCCGACAACGUAGUGGUGACCCUGUACAAUGCAUUGG
YES,AGACGGAGUGCUAGGGGCUUGCUCCACCUCUGUCACGGGUUGGCCCGGUAU
YES,UGAAAUCGCCAAAAUCCCCAAAAUCACCAAAAUCGCCGCUAAAUCGCAAGG
YES,GGCAGCAUCAGCAAUUUAUAAUAAUACUGCAUUUCUUGAUAAUGAAACUUG
YES,CAUCAGCGUUGGCGCUGUGGGCGGCACUGCCACGGCGCGUUACCAGCCCAU
YES,CCUAGCAUACUAGAGCCGCUGUUUAAGACCGUAACCACGAGCACAACGACC
YES,AAAAGAAAUCACAGAAAAUCCUCGCAGAACUGGAAAACAUCGACGAUGAGU
YES,UUGUACGCGGCAUACGAAUAUCAGAAAAUGAUGUGCGUCGUCCUGGAACUG
YES,AAGCUUCGAGAGAAUGAGACCACACACACACACACUUUGUACAUACACCGC
YES,CUCGAGGGCAUUGAACGCAUAUUGCAGCAAUACCAGAGGGAUCAGCAGGAG
YES,CAGGUGGGGCUGGCGCACGACCAGUAAGAGGAGGGUAUUGGAGGAAAGGUA
YES,CUGGGGCUACCUGUUGAUGCUGAAUAUUUGGAUUGGGGUCACUCUGCUCAU
YES,CUCCUAUUUUCGACGCAGAACAUUUAAAGCGCUGGACCAUUUCAUAUUUGG
YES,CUUCACAAGAUAGUACGACCCAAGAAAGUAGCUCUAGCACUGAAGGUCCUU
YES,GGUGACCGAUGAGUGGUGGAAGGAAAGGGCUGAUCCCUGACUCCAAUUGUA
YES,UGUGAUAUGAGCAGAGCUCUACGUAAAGAAAGGAAGGAGGCCAAGCAGCAG
YES,AAAUGGAUGUCUGUCGUGAGAUCCAAAAGUGGGUGCUCAACAAAGGAGUUG
YES,CCACCUACAACGUAAAUCUCUACCAAGUGCUGCACAAGCGCUUGAGUGAUC
YES,CCGUAACGAAGAAUCUUUACCACAAAAAGAUCGCGUCCAAAGGUGAAAAUA
YES,AGAUCCAUGCCGCUAAGGCAGUUGAAAGUAAUAACGAUUUGGAAAGGAGCU
YES,UUAUUUUUAUUAUUUGGAGGAACAGACAAUAUUUUCCGGAUAUAAUGGACA
YES,CUUGAAUACAUUCAAUAUCGAAUGAAUCUAUGUAUCAAACCGAGCAGAAAC
YES,CCCAGCGAAGCGUACGAAGGAUCCUAAACUAUGACGCCUAUAGCAACCUAA
YES,GUGGUGCGGUGGUCACAAUGGGUCCAAAUCCCACCUUUAUUGGCAUCAUAU
YES,AUCCUGAAGGGAGCACCACGAGAGAAGACGACACAACUGUUGCAAUCGAGA
YES,AACAGCAACCACCAGCGCUGUUAGCACCGUGCUCGUUGAUGACGACUGUGA
YES,GCGGGAAGGGUAAUGCCUCUGGAGCAGGUGGUGGCGCGGGUGGCGGCGGAG
YES,CGUACAGUUUAAAAAUACAAAUUUUAGUAACCGACUGUAAGAGUCUCAAGU
YES,AUCCACGCCCUGGUGCGGCUGGGGGAGCAUUUGGGUAAAAAACCUGGCGAU
YES,GCCGAAACACAGGGACAAUGCAUUCAAAAUGUUGCUGCAAAAAAAUCACAA
YES,UUUUUUUUUGGCAUUCUUUUGGGCAACAUUUUGCAAUGCAUUCCUUGGGAG
YES,AAACAUUUCGUUGACAGGUUACGUUAUGUAUUUCGAUACUCGUGUCGUUGA
YES,AAUCCUUCACAUUUCUCCCAGGGGGACAACUUUGAUAACGAUGAGAGCAAA
YES,UGGGAGCACGGUGGGCGCAUCUUCAAGUGCUCCUUCUGCAACGGAUUCCUG
YES,ACAUACCCGAGCUGCCUUUGCCAACAGAGAGCCACAUAAAUUACAACCAGA
YES,CAGCGACCAUUUUUCCGCCUCAUCGACAAGGGGACGCUCGGAAACUGAGGA
YES,CCAAAGUUAUUUGUAUUUUGCGUAGAAAGAGGCAGCGUGAGUUUUGUUAUG
YES,UACUCAUUACCAAUUCUAUCGAACCAAUUUGACAUACAUAUUUAGGCUUAA
YES,GGCAGCGGAUCACUUUUGAGUUGUUAAGACGCUAUUGAUCAGAAAUAUUGG
YES,GACCAACGGCAACGUUGUGCUGUAAAGGAAAUAACAAAUUAAGCCAGGCAG
YES,AAGAGGAUAAGCCUUUUCGAAGGAUAAUGAUUAAGGUAAUCGGGUUUUAUA
YES,AGGGUAUAGAGUAGAUCGGCGGGGGAAUGAUAUGUCCGAGUGUCGCGUGUG
YES,UCAUCGGAGGAGUCGCAUCCACGGGACGGCAUCUGCCACAAAUGGUGGUAC
YES,CCGCGCACAGCUCCUCAAACCUGGCACGGCUUACUUUGGUGUAGAAGUCUU
